NAME,PLACE,ADDR:CITY,ADDR:HOUSE,ADDR:FLATS,ADDR:POSTC,longitude,latitude
Tufanganj,village,,,,,89.69780000000,26.22680000000
Rasik Bil,hamlet,,,,,89.72345770000,26.41918760000
Kumargram,village,,,,,89.83225000000,26.61828310000
Agamani,village,,,,,89.83420000000,26.18040000000
Singrimari,village,,,,,89.90460000000,25.70440000000
Zikzak,village,,,,,89.91703770000,25.38119800000
Betasing,town,,,,,89.96863670000,25.46181480000
Gauripur,village,,,,,89.97015520000,26.08722960000
Dhuburi,city,,,,,89.98572360000,26.01867680000
,town,,,,,89.98901700000,26.44812900000
Phulbari,village,,,,,90.01667060000,25.88375920000
Garobandha,village,,,,,90.01741490000,25.57642630000
Kochugaon,village,,,,,90.05500000000,26.56950000000
Selsella,town,,,,,90.06409470000,25.64723320000
Rongmachokgiri,village,,,,,90.07077100000,25.79375530000
Sapatgram,village,,,,,90.16291850000,26.35398190000
Fakiragram,town,,,,,90.18758000000,26.36148410000
Adugiri,village,,,,,90.19134620000,25.43254560000
Dalu,town,,,,,90.19187730000,25.23940940000
Burengapara,village,,,,,90.19665540000,25.22629830000
Tura,town,,,,,90.20344250000,25.51703400000
Dadenggiri,town,,,,,90.22011820000,25.76165160000
Patgaon,village,,,,,90.22323660000,26.57071910000
Sarpang Dzongkhag,county,,,,,90.23522850000,26.90305720000
Rongram,town,,,,,90.24602080000,25.59483970000
Kokrajhar,town,,,,,90.27104120000,26.40037450000
Asananggiri,village,,,,,90.28192500000,25.61980670000
Bilasipara,village,,,,,90.28990000000,26.20280000000
Tikrikila,village,,,,,90.33400000000,26.00070000000
Chokpot,town,,,,,90.42028370000,25.36730000000
Sidli,village,,,,,90.43020000000,26.54110000000
Baida,village,,,,,90.44210000000,26.05260000000
Deosri,village,,,,,90.46470000000,26.75520000000
,town,,,,,90.48952870000,26.86837710000
Samanda,town,,,,,90.49416420000,25.59407830000
Gāro Hills,county,,,,,90.50000000000,25.50000000000
Geylegphug Dzongkhag,county,,,,,90.50000000000,26.95000000000
Sibbari,village,,,,,90.50370000000,25.17900000000
Bajengdoba,village,,,,,90.50382670000,25.89421220000
New Bongaigon,suburb,,,,,90.51322210000,26.47669110000
Rongrengiri,village,,,,,90.52467250000,25.58075950000
Bongaigaon,town,,,,,90.55803870000,26.48001260000
Jogighopa,village,,,,,90.56740000000,26.22540000000
Amtika,village,,,,,90.57230000000,26.72190000000
Williamnagar,village,,,,,90.58479290000,25.52431360000
Nengkhra,town,,,,,90.60060680000,25.50889780000
Resubelpara,village,,,,,90.61405980000,25.90519050000
Cherano,village,,,,,90.62415260000,25.65000810000
Goalpara,town,,,,,90.62446040000,26.17777650000
North Salmara,village,,,,,90.62649800000,26.36927820000
Mendipathar,town,,,,,90.62973000000,25.91924450000
Baghmara,town,,,,,90.64098310000,25.19145270000
Rewak,village,,,,,90.64408650000,25.31858690000
Abhaypuri,town,,,,,90.65613760000,26.34652310000
Krishnai,village,,,,,90.65954410000,26.03717320000
Durgapur,village,,,,,90.67880090000,25.12532750000
Bijni,village,,,,,90.70351700000,26.49405860000
Bangsi,village,,,,,90.74050000000,25.80310000000
Rongmara,town,,,,,90.75500000000,25.19980000000
Darugiri,village,,,,,90.75887170000,25.61545480000
Dudhnai,village,,,,,90.78375160000,25.98416350000
Dainadubi,village,,,,,90.79041030000,25.81862270000
Dambu,village,,,,,90.81420600000,25.71531070000
Zhemgang Dzongkhag,county,,,,,90.85000000000,27.08333300000
Nonshram,village,,,,,90.86537960000,25.59841100000
Nongdaju,village,,,,,90.91644630000,25.54957800000
Howli,town,,,,,90.97272160000,26.42477180000
Mohanganj,town,,,,,90.97941210000,24.87526110000
Barpeta,town,,,,,91.00757120000,26.32578240000
Mawshynrut,town,,,,,91.06172560000,25.66146080000
Sarupeta,village,,,,,91.09530000000,26.56790000000
Kumguri,village,,,,,91.09530000000,26.80700000000
Hudukhata,village,,,,,91.09840000000,26.65960000000
Pathsala,village,,,,,91.17787700000,26.50524390000
Kakilabari,hamlet,,,,,91.19857170000,26.74908460000
Rambrei,village,,,,,91.22414050000,25.61763220000
Hajua,village,,,,,91.22763010000,26.75548510000
Kāmrūp,county,,,,,91.25000000000,26.33333300000
Nganglam,village,,,,,91.25363790000,26.83523450000
Tihu,town,,,,,91.26780990000,26.47159200000
Ranikor,town,,,,,91.28425220000,25.25694850000
Nongstoin,town,,,,,91.28501910000,25.52542980000
Meghālaya,state,,,,,91.33333300000,25.50000000000
Bangaon,village,,,,,91.34390000000,26.34950000000
Patacharkuchi,village,,,,,91.35159910000,26.52489500000
Barama,village,,,,,91.36529460000,26.52320500000
Pemagatshel Dzongkhag,county,,,,,91.36666700000,27.00000000000
Chhaygaon,village,,,,,91.39090000000,26.04910000000
Subankhata,village,,,,,91.39250000000,26.75890000000
Balat,village,,,,,91.40408570000,25.20192360000
Nalbari,town,,,,,91.43613670000,26.44338540000
Dhamdhama,village,,,,,91.48040250000,26.55712770000
Loharghat,village,,,,,91.48290000000,25.95640000000
Mawkyrwa,town,,,,,91.49233420000,25.43246550000
Khāsi Hills,county,,,,,91.50000000000,25.50000000000
Laitmawsiang,village,,,,,91.53395910000,25.39852430000
Jalukbari,village,,,,,91.53430000000,26.11190000000
Sualkuchi,town,,,,,91.57097920000,26.16996970000
Hajo,village,,,,,91.58298320000,26.24316230000
Tamulpur,village,,,,,91.60351090000,26.62583080000
Mawsynram,town,,,,,91.60472950000,25.30691030000
Samdrup Jongkhar Dzongkhag,county,,,,,91.61666700000,26.91666700000
Rangia,town,,,,,91.61950000000,26.43270000000
Shella,village,,,,,91.64195200000,25.17596100000
Mairang,town,,,,,91.65673270000,25.56107070000
Chhatak Bazaar,town,,,,,91.66182880000,25.03374500000
Dumnichauki,village,,,,,91.66430000000,26.34530000000
Donmatia,village,,,,,91.67300780000,25.81715810000
CHANGSARI,locality,,,,,91.69199780000,26.25858870000
Goreswar,town,,,,,91.72513490000,26.52844260000
Naokata,town,,,,,91.72584820000,26.63852950000
Baihata,village,,,,,91.72621380000,26.34417020000
Cherrapunji,town,,,,,91.73390000000,25.25970000000
Tashigang,town,,,,,91.75000000000,27.16666700000
Guwahati,city,,,,,91.75394300000,26.18059780000
,,,"32",,,91.75465810000,26.18749540000
Companeyganj,village,,,,,91.75660490000,25.10200850000
Mawphlang,town,,,,,91.77879010000,25.47687980000
Dispur,town,,,,,91.79102650000,26.14093550000
Kyrdem Kulai,village,,,,,91.80489310000,25.77109440000
Nongjri,village,,,,,91.80842210000,25.17810030000
Goibarigoan,village,,,,,91.82320000000,26.78790000000
Umling,town,,,,,91.86756190000,25.97020880000
Sylhet,city,,,,,91.86881010000,24.89909110000
Shillong,city,,,,,91.87509580000,25.57659480000
Myrdon,village,,,,,91.87629940000,25.75579530000
Jorabat,village,,,,,91.87732040000,26.09931570000
Umsning,town,,,,,91.88726300000,25.74553400000
La Chaumiere Hills,village,,,,,91.88739540000,25.56765630000
Patharughat,village,,,,,91.89110000000,26.45520000000
Risa Colony,locality,,,,,91.89391350000,25.56184020000
Pynursla,village,,,,,91.89560000000,25.34880000000
SIPAJHAR,locality,,,,,91.89652000000,26.39740000000
Pynursla,town,,,,,91.90137020000,25.30547280000
Fenchuganj,town,,,,,91.93922290000,24.69424650000
Tangla,village,,,,,91.94530000000,26.64380000000
Sonapur,village,,,,,91.96875660000,26.11205190000
Kalaigaon,village,,,,,91.96950000000,26.59280000000
Barapani,village,,,,,91.97625470000,25.69437840000
Kailashahar,village,,,,,91.99972210000,24.31951570000
Golapgong,town,,,,,92.01300040000,24.85688150000
Dauki,village,,,,,92.02157170000,25.18563430000
Mangaldal,village,,,,,92.03030000000,26.43480000000
Ka,town,,,,,92.03677400000,24.52370830000
Umroi,village,,,,,92.03965470000,25.71388600000
Umsaw,village,,,,,92.04883630000,25.90034390000
Mawkynrew,town,,,,,92.05872800000,25.45747940000
Mawryngkneng,town,,,,,92.07383940000,25.55084560000
DHVLA,locality,,,,,92.09290000000,26.48666000000
Nakhola,village,,,,,92.09505660000,26.11355190000
Udalguri,town,,,,,92.09702000000,26.74896000000
DOIFAM,locality,,,,,92.10800000000,26.89316000000
BHAIRAB KUND,locality,,,,,92.11350000000,26.88355000000
Khoirabari,village,,,,,92.12060000000,26.86280000000
KHAIRABARI,locality,,,,,92.12448000000,26.84921000000
Amlarem,town,,,,,92.12527420000,25.31291600000
Pecharthal,village,,,,,92.13462520000,24.20394320000
Muktapur,village,,,,,92.13848940000,25.16832490000
KHARUPETIA,locality,,,,,92.13959000000,26.51550000000
Panisagar,town,,,,,92.15680370000,24.28500190000
Dharmanagar,town,,,,,92.16558050000,24.37342680000
Thadlaskein,town,,,,,92.16879010000,25.50820040000
Rngat,village,,,,,92.19255540000,25.32759400000
Jowai,town,,,,,92.19501140000,25.44173610000
DALGOAN,locality,,,,,92.20001000000,26.55670000000
Kaupati,village,,,,,92.20039170000,26.55586640000
Rowta,village,,,,,92.20542050000,26.71231160000
,village,,,,,92.20832670000,25.56528410000
DIRANG,locality,,,,,92.24121000000,27.36008000000
Jaintia Hills,county,,,,,92.25000000000,25.50000000000
DIRANG DZONG,locality,,,,,92.27280000000,27.34360000000
Kseh Kyntang,village,,,,,92.28260000000,25.85360000000
Bapung,village,,,,,92.29589610000,25.42273480000
Mynso,village,,,,,92.29985700000,25.59133520000
Dengarband,village,,,,,92.30170000000,24.40100000000
Dirang Dzong,village,,,,,92.30390000000,27.31960000000
Pathar Kandi,village,,,,,92.31940300000,24.60552500000
MUNNA,locality,,,,,92.32636000000,27.33536000000
ORAOG,locality,,,,,92.33096800000,26.69884100000
Damchara,village,,,,,92.34260000000,24.19220000000
West Kameng,county,,,,,92.35000000000,27.40000000000
Nilam Bazar,village,,,,,92.36710000000,24.75740000000
Karimganj,town,,,,,92.36811140000,24.86472140000
Abdu Uapur,village,,,,,92.36970000000,24.56170000000
Karimganj,village,,,,,92.36970000000,24.82270000000
Khliemriat,town,,,,,92.37301050000,25.33590260000
14 MILE,locality,,,,,92.37305000000,27.31613000000
Marigaon,village,,,,,92.38007510000,26.25321740000
Umshnong,village,,,,,92.38599260000,25.27120040000
NINE MILE,locality,,,,,92.39365000000,27.29141000000
Barato,village,,,,,92.39740000000,25.68839870000
Khanduli,village,,,,,92.39900730000,25.73209670000
WANGHO,locality,,,,,92.41425000000,27.24472000000
Bomdi La,town,,,,,92.42111000000,27.26257000000
Laskein,town,,,,,92.42153400000,25.51366930000
TENGA,locality,,,,,92.42661000000,27.21863000000
Dullabhcherra,village,,,,,92.44266630000,24.48611380000
Sutnga,village,,,,,92.45241270000,25.38152470000
Ratacherra,village,,,,,92.46144410000,25.03189010000
DKHIAJULI,locality,,,,,92.47605000000,26.70364000000
Dhing,village,,,,,92.47770000000,26.45750000000
Dhekiajuli,village,,,,,92.48230000000,26.70630000000
Mynser,village,,,,,92.48680000000,25.88340000000
Khaddum,village,,,,,92.49120000000,25.15470000000
Darrang,county,,,,,92.50000000000,26.75000000000
SINGRI,locality,,,,,92.50351000000,26.59790000000
Singri,village,,,,,92.50900000000,26.62600000000
Raha,village,,,,,92.51683950000,26.22971450000
SESSA ORCHID SANCTUARY,locality,,,,,92.52548000000,27.10465000000
Bhairabii,village,,,,,92.52741680000,24.19176160000
Kukichara,village,,,,,92.53499190000,24.28292700000
Katliohara,village,,,,,92.54910000000,24.40800000000
NEW KASPI,locality,,,,,92.56119000000,27.20627000000
Hailakandi,town,,,,,92.56214710000,24.67854980000
FISHING,locality,,,,,92.56806000000,27.19940000000
JAMERI,locality,,,,,92.57218000000,27.19391000000
NICHIPHU,locality,,,,,92.57767000000,27.16507000000
Badarpur,village,,,,,92.58288850000,24.87339640000
Doimara,village,,,,,92.58750000000,27.06200000000
ELEPHANT,locality,,,,,92.59003000000,27.09229000000
Bualpui,village,,,,,92.60237550000,24.09280000000
Bhutiachang,village,,,,,92.60300000000,26.94230000000
Dhaleswar,village,,,,,92.60632970000,24.85857640000
TIPI IB,locality,,,,,92.60651000000,27.03735000000
Umednagar,village,,,,,92.60907770000,24.55791830000
Tippi Town,locality,,,,,92.61200000000,27.02774000000
Nongkhlieh,village,,,,,92.62240000000,25.32050000000
Bhalukpong,town,,,,,92.64476000000,27.01153950000
Nowgong,county,,,,,92.66666700000,26.13333300000
Saipung,village,,,,,92.67735820000,25.31987060000
Kolasib,village,,,,,92.68308750000,24.22126990000
Nagaon,city,,,,,92.68581660000,26.34720940000
Moragang,village,,,,,92.71030000000,24.62200000000
Bikhawatlir,village,,,,,92.71120490000,24.33686030000
Chhimluang,village,,,,,92.71500000000,24.37730000000
Silkuri,village,,,,,92.72560000000,24.73110000000
Chardua,village,,,,,92.73370000000,26.85620000000
Katriatali,village,,,,,92.73940000000,26.18570000000
,village,,,,,92.74127100000,27.34275060000
Moulsei,village,,,,,92.74751290000,25.22905350000
Tumkrang,village,,,,,92.75890000000,25.53290000000
,village,,,,,92.76791220000,27.31504130000
MISSION CHARALI,locality,,,,,92.77268000000,26.65558000000
,village,,,,,92.77717320000,27.29347670000
Balipara,village,,,,,92.77994270000,26.82261390000
Tezpur,town,,,,,92.79102070000,26.62450820000
Silchar,city,,,,,92.79512830000,24.81982510000
Samaguri,village,,,,,92.84528320000,26.41932270000
KHUNAMUKH,locality,,,,,92.84546000000,26.80389000000
,village,,,,,92.85376700000,27.28499590000
Dabaka,village,,,,,92.86514330000,26.11380330000
,village,,,,,92.88040670000,27.28035420000
Seppa,village,,,,,92.88127330000,27.27957060000
Udarbard,village,,,,,92.88930000000,24.95950000000
Cāchār,county,,,,,92.91666700000,25.08333300000
Sonaimukh,village,,,,,92.92430000000,24.71870000000
Silghat,village,,,,,92.92640150000,26.60020110000
Samenkro,village,,,,,92.92700000000,25.80870000000
Kaliabor,village,,,,,92.92920610000,26.53871460000
Jamugurihat,village,,,,,92.93082600000,26.72303720000
Kuwarital,village,,,,,92.94169170000,26.55543560000
Misa,village,,,,,92.94721030000,26.48786520000
Paianghat,village,,,,,92.95060000000,24.59230000000
,hamlet,,,,,92.95190490000,27.29869560000
Lankapatti,village,,,,,92.95277620000,25.91421260000
Parkhowa Bazaar,village,,,,,92.95910920000,26.19329530000
Kumbhir,village,,,,,92.96430000000,25.00700000000
Dengaon,village,,,,,92.97508260000,26.21752870000
JAKHALA BHANA,locality,,,,,92.98691000000,26.58554000000
North Cāchār Hills,county,,,,,93.00000000000,25.50000000000
Assam,state,,,,,93.00000000000,26.00000000000
Halflong,town,,,,,93.01638360000,25.17296690000
Yengil,village,,,,,93.02300000000,27.38470000000
Howraghat,village,,,,,93.03572710000,26.11346700000
Chutia,village,,,,,93.03635000000,26.73798000000
Sepla,town,,,,,93.04060980000,27.35941830000
SOTHIA,locality,,,,,93.04184000000,26.73935000000
East Kameng,county,,,,,93.05000000000,27.30000000000
Lakhipur,village,,,,,93.08410000000,24.80610000000
Hatikali,village,,,,,93.09070000000,25.60620000000
Langting,village,,,,,93.11363280000,25.49723130000
Jiribam,town,,,,,93.11439920000,24.80872170000
Mahur,village,,,,,93.13460000000,25.17150000000
Maibong,village,,,,,93.15101330000,25.29775060000
Bishwanath Charaili,locality,,,,,93.15147300000,26.74300340000
Bishwanath Ghat,village,,,,,93.16577990000,26.66147940000
Lumding,town,,,,,93.17393400000,25.75567990000
Lungding,village,,,,,93.18810510000,25.59311470000
Burakek,village,,,,,93.18930000000,25.94620000000
Baghuliaghat,village,,,,,93.19760110000,26.05664400000
Ginjia,village,,,,,93.19800000000,26.82680000000
EDETI,locality,,,,,93.21350000000,26.74622000000
Eksekgaon,village,,,,,93.23580000000,26.27570000000
Kaziranga,village,,,,,93.24150000000,26.57870000000
KUTHARI,locality,,,,,93.28079000000,26.57730000000
BORGANG,locality,,,,,93.30414000000,26.82980760000
Oinamlung,village,,,,,93.33090000000,24.72720000000
BEHALI,locality,,,,,93.35323930000,26.83218280000
Nungba,village,,,,,93.35870000000,24.65340000000
ROCK,locality,,,,,93.37693000000,26.56357000000
BEDETI,locality,,,,,93.38631100000,26.85089390000
INTI,locality,,,,,93.40164000000,26.57318000000
ARANYA LODGE (001),locality,,,,,93.40302000000,26.58279000000
Diphu,village,,,,,93.44380000000,25.84030000000
Helem,village,,,,,93.46224230000,26.85047130000
Amlakhi,village,,,,,93.46790000000,25.96040000000
Manipur West,county,,,,,93.50000000000,25.00000000000
Kārbi Ānglong,county,,,,,93.50000000000,26.00000000000
Sagali,village,,,,,93.50153290000,27.24400930000
Henima,village,,,,,93.51140000000,25.31520000000
Arlangbati,village,,,,,93.54170000000,26.40200000000
Bara Daldali,village,,,,,93.59470000000,25.82670000000
BOKAKHAT,locality,,,,,93.60352000000,26.64047000000
60 CAMP,locality,,,,,93.62412000000,27.64847000000
Itanagar,city,,,,,93.62919780000,27.10197880000
Gohpur,village,,,,,93.63220890000,26.88782560000
Tamenglong,village,,,,,93.63260000000,25.10580000000
DAEM,locality,,,,,93.66257000000,27.60452000000
NEELAM,locality,,,,,93.67630000000,27.57843000000
DEED,locality,,,,,93.67905000000,27.59354000000
Khebuching,village,,,,,93.68190000000,24.98250000000
NUPANIA,locality,,,,,93.68592000000,27.55646000000
PACHESE CAMP,locality,,,,,93.68866000000,27.55646000000
Naharlagun,town,,,,,93.69230980000,27.10322290000
Tamma,village,,,,,93.72660000000,25.17210000000
Numaligarh,village,,,,,93.72723760000,26.63287120000
Dimapur,town,,,,,93.72755670000,25.91370750000
Saiyang,village,,,,,93.73590000000,25.54720000000
JN TO MENZIO,locality,,,,,93.74222000000,27.42050000000
Hapolio,village,,,,,93.74327900000,27.40454180000
NIRJULI,locality,,,,,93.74634000000,27.12936000000
THALO,locality,,,,,93.75046000000,27.53174000000
YAZALI,locality,,,,,93.75772250000,27.39029000000
YACHULI,locality,,,,,93.76934120000,27.46841520000
JUNCTION,locality,,,,,93.77381000000,27.50977000000
PITA PHUL,locality,,,,,93.78088170000,27.35624210000
ZORUM,locality,,,,,93.78286760000,27.51055990000
POOSA (NEEPCO),locality,,,,,93.79166000000,27.33673000000
HIGH POINT,locality,,,,,93.79441000000,27.53174000000
RIM PASS S,locality,,,,,93.79715000000,27.53174000000
RANGANADI DAM,locality,,,,,93.81501000000,27.34222000000
Ziro,village,,,,,93.81535500000,27.53866800000
SHORTCUT JUNCTION,locality,,,,,93.82187000000,27.33536000000
Songdop,village,,,,,93.82440000000,25.38690000000
BANDERDEWA,locality,,,,,93.82462000000,27.10877000000
FISH FARM,locality,,,,,93.83011000000,27.51663000000
Harmutigaon,village,,,,,93.83235170000,27.10564930000
Banderdeva,village,,,,,93.83880500000,27.09270270000
BULLDOZER POINT,locality,,,,,93.85071000000,26.90003000000
RIM PASS N,locality,,,,,93.85208000000,27.63886000000
NARAYANPUR,locality,,,,,93.85483000000,26.95221000000
Gobmi,village,,,,,93.86380000000,25.60690000000
Garampani,village,,,,,93.86430000000,26.30200000000
LICHI,locality,,,,,93.88504000000,27.37793000000
Bihpuriagaon,village,,,,,93.91440000000,27.00100000000
Pemir,village,,,,,93.92287340000,27.71170760000
Potin,village,,,,,93.92940000000,27.31100000000
Nij Laluk,village,,,,,93.93020000000,27.11120000000
HAWA CAMP,locality,,,,,93.93860000000,27.35321000000
Golaghat,town,,,,,93.96500160000,26.50390020000
DERGAON,locality,,,,,93.97019000000,26.71463000000
CHECKPOST,locality,,,,,93.97843000000,27.29691000000
Nahorani,village,,,,,94.00662180000,26.67057120000
Khonoma,village,,,,,94.02237180000,25.65227110000
Senapati,village,,,,,94.03095970000,25.27587090000
Karong,village,,,,,94.04045870000,25.29336930000
Diju,village,,,,,94.04290000000,27.30250000000
PAUMARA,locality,,,,,94.05258000000,27.20352000000
Merima,village,,,,,94.09052080000,25.71348760000
Kohima,city,,,,,94.10119700000,25.66186600000
North Lakhimpur,town,,,,,94.11255690000,27.23847340000
KALI GHAT,locality,,,,,94.12125000000,27.06207000000
Majuli Island,island,,,,,94.13761400000,26.85688160000
Kohīma,county,,,,,94.16666700000,25.75000000000
Nargargaon,village,,,,,94.16940000000,27.01460000000
Tibatar,village,,,,,94.18410000000,26.58300000000
Sanis,village,,,,,94.21410000000,26.21180000000
Jorhat,city,,,,,94.21681310000,26.76175490000
TOP RAPID,locality,,,,,94.21738000000,27.62100000000
REST STOP,locality,,,,,94.22287000000,27.58804000000
Tseminyu,village,,,,,94.22390000000,25.89120000000
Nimati Ghat,village,,,,,94.24278420000,26.86048280000
Gohaingaon,village,,,,,94.24334290000,26.82435690000
SUBANSARI BR,locality,,,,,94.24897000000,27.44797000000
Nāgāland,state,,,,,94.25000000000,26.00000000000
Wokha,county,,,,,94.25000000000,26.16666700000
Mokokchūng,county,,,,,94.25000000000,26.25000000000
Lakhimpur,county,,,,,94.25000000000,27.35000000000
Wokha,village,,,,,94.29530000000,25.99160000000
Mariani,village,,,,,94.31631100000,26.65256920000
Pathalipam,village,,,,,94.32652550000,27.43576390000
Neamati,village,,,,,94.35596990000,26.86396180000
Teok,village,,,,,94.41266520000,26.83041540000
Bordoloni,village,,,,,94.42610000000,27.47410000000
Chongliyimsen,village,,,,,94.42970000000,26.42560000000
Bordoloni,village,,,,,94.44320010000,27.41457130000
Sakhai,village,,,,,94.47460000000,25.77010000000
Jhanji,village,,,,,94.49627830000,26.84946790000
Sakhalu,village,,,,,94.49880000000,25.95410000000
Phek,county,,,,,94.50000000000,25.75000000000
Zunheboto,county,,,,,94.50000000000,26.00000000000
Mokokchung,village,,,,,94.52289080000,26.32811370000
Amguri,village,,,,,94.52488600000,26.80946490000
GAURIAGAR,locality,,,,,94.53598000000,26.94946000000
Dhemaji,village,,,,,94.55871450000,27.47222320000
Tzudikong,village,,,,,94.63139630000,26.71788480000
Sibsagar,town,,,,,94.63942260000,26.98349360000
Tuli,town,,,,,94.64675010000,26.67681680000
Merangkong,village,,,,,94.65744700000,26.57684870000
Sisi Bargaon,village,,,,,94.67991100000,27.53241170000
Naginmara,village,,,,,94.70670000000,26.80220000000
Sepon,village,,,,,94.71650000000,27.09970000000
Silapathar,village,,,,,94.72525530000,27.58825220000
Kulajan,village,,,,,94.72894020000,27.52462710000
Simalugiri,village,,,,,94.72960000000,26.90560000000
Wakching,village,,,,,94.74190000000,26.67740000000
Tuensang District,county,,,,,94.75000000000,26.25000000000
Daring,village,,,,,94.80730330000,27.85648310000
Naginimora,village,,,,,94.81154260000,26.81295200000
Tuensang,village,,,,,94.81780780000,26.23521210000
Mon,county,,,,,94.83333300000,26.75000000000
Sepon,village,,,,,94.85164850000,27.11551870000
BORBORUAH,locality,,,,,94.88068000000,27.40265000000
MAJARBARI GHAT,locality,,,,,94.89853000000,27.58255000000
Moranhat,town,,,,,94.91323850000,27.18165200000
Dibrugarh,city,,,,,94.91542010000,27.48598260000
Dijmur,village,,,,,94.92750000000,27.64290000000
MIJAN GHAT,locality,,,,,94.95209000000,27.52075000000
Mon,county,,,,,95.00000000000,26.66666700000
Dibrugarh,county,,,,,95.00000000000,27.50000000000
Tinkhang,village,,,,,95.00521420000,27.25390920000
Sonari,village,,,,,95.02420000000,27.04910000000
Mon,village,,,,,95.05690000000,26.72330000000
Saoekhati,village,,,,,95.13820000000,27.09210000000
Chabua,village,,,,,95.17208770000,27.48668370000
Jonai,village,,,,,95.22240750000,27.83730530000
Murkong Selek,village,,,,,95.23161730000,27.84508750000
Niaunyu,village,,,,,95.29320000000,26.81320000000
Barhat,village,,,,,95.30660000000,27.15680000000
Honey Dew Bakery,,Duliajan,,,"786602",95.31301080000,27.36094810000
Duliajan College,,Duliajan,,,"786602",95.31333330000,27.34500000000
,,Duliajan,C-92,,"786602",95.31541940000,27.35806570000
Jayanagar,suburb,,,,,95.31594070000,27.34930130000
,,Duliajan,B-189,,"786602",95.31670150000,27.35868510000
BOC Gate,suburb,,,,,95.31711410000,27.35167710000
,,Duliajan,,,"786602",95.31734790000,27.34860580000
Prarthana Hotel,,Duliajan,,,"786602",95.31770470000,27.34672580000
Life Care Medical,,Duliajan,,,"786602",95.31794610000,27.34608730000
,,Duliajan,TD+146,,"786602",95.31820360000,27.37296300000
,,Duliajan,C-67,,"786602",95.31916380000,27.36178190000
Duliajan,town,,,,,95.31923070000,27.35591340000
,,Duliajan,,,"786602",95.31953560000,27.35508100000
,,Duliajan,D+157,,"786602",95.32003280000,27.36278710000
,,Duliajan,TD+116,,"786602",95.32043520000,27.37221990000
,,Duliajan,B-21,,"786602",95.32076780000,27.35837540000
,,Duliajan,F-9,,"786602",95.32122910000,27.36311580000
,,Duliajan,D-7,,"786602",95.32125060000,27.36039550000
,,Duliajan,D-6,,"786602",95.32149220000,27.36039450000
,,Duliajan,E-23,,"786602",95.32152410000,27.36416870000
,,Duliajan,E-24,,"786602",95.32154020000,27.36374470000
Ledum,village,,,,,95.32181890000,27.96382300000
,,Duliajan,D-5,,"786602",95.32188900000,27.36039280000
,,Duliajan,DX-70,,"786602",95.32194790000,27.36931390000
,,Duliajan,D-4,,"786602",95.32212010000,27.36039190000
,,Duliajan,E-25,,"786602",95.32225370000,27.36415920000
,,Duliajan,D+153,,"786602",95.32228050000,27.35950930000
,,Duliajan,E-26,,"786602",95.32227520000,27.36376380000
,,Duliajan,D-3,,"786602",95.32232350000,27.36039100000
Tipling,suburb,,,,,95.32238570000,27.33283620000
,,Duliajan,D+109,,"786602",95.32246290000,27.35694130000
,,Duliajan,D-2,,"786602",95.32254350000,27.36039010000
,,Duliajan,D+115,,"786602",95.32257560000,27.35717950000
,,Duliajan,D-1,,"786602",95.32275820000,27.36038920000
,,,,,"786602",95.32330190000,27.35547400000
,,Duliajan,E-88,,"786602",95.32351430000,27.36789900000
,,Duliajan,F-27,,"786602",95.32369670000,27.36415440000
,,Duliajan,F-28,,"786602",95.32371280000,27.36372090000
,,Duliajan,D+169,,"786602",95.32371820000,27.36186760000
,,Duliajan,D+168,,"786602",95.32407760000,27.36185330000
Bordubi,town,,,,,95.32413610000,27.39293700000
,,Duliajan,E-78,,"786602",95.32417420000,27.36641740000
,,Duliajan,D+91,,"786602",95.32423320000,27.35756540000
,,Duliajan,D+167,,"786602",95.32437260000,27.36185330000
,,Duliajan,F-29,,"786602",95.32438870000,27.36416400000
,,Duliajan,F-30,,"786602",95.32442090000,27.36372090000
,,,,,"786602",95.32463600000,27.35531200000
,,Duliajan,D+166,,"786602",95.32476430000,27.36184380000
,,,,,"786602",95.32482900000,27.35542600000
,,Duliajan,A-87,,"786602",95.32489300000,27.35723670000
,,Duliajan,D+165,,"786602",95.32509680000,27.36182950000
,,Duliajan,F-32,,"786602",95.32526310000,27.36369230000
,,Duliajan,F-31,,"786602",95.32527390000,27.36413540000
,,Duliajan,A-70,,"786602",95.32583710000,27.35757020000
,,,A-48,,,95.32586400000,27.35771790000
,,Duliajan,F-33,,"786602",95.32597660000,27.36413540000
,,Duliajan,F-54,,"786602",95.32641650000,27.36470710000
,,Duliajan,SAP1449,,"786602",95.32716210000,27.35520220000
,,Duliajan,SAP1459,,"786602",95.32725330000,27.35446850000
,,Duliajan,F-1,,"786602",95.32763960000,27.36276810000
,,Duliajan,SAP1439,,"786602",95.32876610000,27.35536420000
,,Duliajan,SAP1450,,"786602",95.32885190000,27.35462100000
Settlement Area,suburb,,,,,95.32909330000,27.35498410000
,,Duliajan,D+205,,"786602",95.32911480000,27.36756080000
,,Duliajan,D+83,,"786602",95.32932940000,27.36567420000
,,Duliajan,D+207,,"786602",95.32945810000,27.36776080000
,,Duliajan,D+126,,"786602",95.32958690000,27.36528350000
,,Duliajan,SAP1765,,"786602",95.32960830000,27.35526420000
,,,D+173,,,95.32997310000,27.36350170000
,,,D+179,,,95.32999460000,27.36313490000
,,,A-455,,,95.33006970000,27.35770830000
,,Duliajan,D+68,,"786602",95.33061680000,27.36653650000
,,,A-462,,,95.33100840000,27.35782750000
,,,A-755,,,95.33187210000,27.35729380000
,,,A-746,,,95.33325080000,27.35743200000
OMAK S TEA ESTATE,locality,,,,,95.34073000000,27.88879000000
Chopnyu,village,,,,,95.34200000000,26.96590000000
Hotel Highway,,Tinsukia,,,,95.34259560000,27.48275640000
Hotel Urmila Continental,,Tinsukia,,,,95.34437660000,27.49637590000
Kendriya Vidhyalaya,,Duliajan,,,"786602",95.34536360000,27.35433510000
SIKA BAMIN,locality,,,,,95.34622000000,27.91489000000
Big Bazaar,,Tinsukia,,,,95.34848570000,27.49417750000
Dr.S.K.Dey Hospital,,Tinsukia,,,,95.35225150000,27.48899060000
Hindi High School,,Tinsukia,,,,95.35342100000,27.48638270000
Civil Hospital,,Tinsukia,,,,95.35873170000,27.49915480000
Tinsukia,town,,,,,95.36030390000,27.48786510000
Public Bus Station,,Tinsukia,,,,95.36395670000,27.48486940000
JAMPANI,locality,,,,,95.37644000000,27.89566000000
Jaipur,village,,,,,95.39870000000,27.25620000000
Dilli,village,,,,,95.41780000000,27.10930000000
Makum,village,,,,,95.42895750000,27.48684790000
Deomali,town,,,,,95.46728680000,27.20294170000
Khonsa,town,,,,,95.49769510000,27.00106680000
Moran,village,,,,,95.50047330000,27.53661910000
Doomdooma,village,,,,,95.55402870000,27.57015520000
Rupai,town,,,,,95.55688730000,27.59872950000
Saikhoa Ghat,village,,,,,95.55971220000,27.76535210000
Dangari,village,,,,,95.57090470000,27.70311050000
Lazu,village,,,,,95.58706890000,26.90994960000
Dhalla Bazaar,village,,,,,95.60340000000,27.75770000000
Digboi,town,,,,,95.61903800000,27.39308560000
Sadiya Ghat,village,,,,,95.63899170000,27.81529930000
Margherita,village,,,,,95.65740530000,27.29822770000
Kundil Bazar,village,,,,,95.66330090000,27.83203570000
Changlang,town,,,,,95.73618860000,27.13945830000
Ledo,town,,,,,95.74064910000,27.29489210000
Kerimgaon,village,,,,,95.75307850000,27.97432760000
Chapakhowa,town,,,,,95.76119060000,27.92377860000
Tirap,suburb,,,,,95.76773870000,27.29738540000
Lekhapani,village,,,,,95.83641980000,27.32755430000
Mahadevpur,village,,,,,95.84763350000,27.63502530000
Namsai,town,,,,,95.85636740000,27.63804680000
Tipong,suburb,,,,,95.85872530000,27.31289660000
Tirap,village,,,,,95.85990000000,27.22550000000
Sarang,village,,,,,95.86870000000,27.26040000000
Sunpura,village,,,,,95.89570620000,27.84411130000
Lathan,village,,,,,95.90640000000,27.76670000000
Koronu,village,,,,,95.93124170000,28.06031110000
Bhismaknagar,village,,,,,95.99745240000,28.03996320000
Jairampur,town,,,,,96.01330880000,27.35694050000
Kathang,hamlet,,,,,96.03072890000,27.29418560000
Paya,village,,,,,96.03085480000,27.88628190000
Namchik,hamlet,,,,,96.03315840000,27.34030750000
Digaru,village,,,,,96.04930980000,27.88780250000
